feature,pvalue,fold,model
SMIM30,0.00010286932660270421,1,LR_C=0.001
INSIG2,0.0001292525720353634,1,LR_C=0.001
LACC1,0.0006541367243495217,1,LR_C=0.001
LIPC-AS1,0.0007968236195139382,1,LR_C=0.001
RPL12P35,0.0008354363742739175,1,LR_C=0.001
NUDT6,0.0010149916319525353,1,LR_C=0.001
PABPC1P4,0.0010491740661967234,1,LR_C=0.001
AL445305.1,0.00113542617923161,1,LR_C=0.001
RPL17P43,0.0012649145443519537,1,LR_C=0.001
APOBEC3C,0.0015910084049127042,1,LR_C=0.001
SDHAF4,0.0018084846615200898,1,LR_C=0.001
MIR181A2,0.0020338905317911792,1,LR_C=0.001
BX248409.1,0.0023807237574048636,1,LR_C=0.001
ARMC10P1,0.003521493724008932,1,LR_C=0.001
SNAPC1,0.0035839687774609427,1,LR_C=0.001
RTL8A,0.0036186528544431182,1,LR_C=0.001
AL590135.1,0.0037535535659967987,1,LR_C=0.001
TMEM14EP,0.0039457191976609044,1,LR_C=0.001
BBS1,0.004341319678965292,1,LR_C=0.001
MILR1,0.004478510684175455,1,LR_C=0.001
AC074276.1,0.004768925197314613,1,LR_C=0.001
RNF2,0.004797891423229959,1,LR_C=0.001
AC008560.1,0.00513833659701623,1,LR_C=0.001
AL139383.1,0.005185256464551958,1,LR_C=0.001
AC022034.3,0.005254584729106388,1,LR_C=0.001
SKA2P1,0.00543230453829942,1,LR_C=0.001
ARL5A,0.005552283360035498,1,LR_C=0.001
YBX3P1,0.005606013825193426,1,LR_C=0.001
ELOCP2,0.0056779822757251665,1,LR_C=0.001
AL162311.2,0.005850433157626164,1,LR_C=0.001
MRPL11,0.005874687898528172,1,LR_C=0.001
AC022905.1,0.006063720304561488,1,LR_C=0.001
HRAS,0.006370751382717891,1,LR_C=0.001
OPN3,0.006410069223270895,1,LR_C=0.001
KRT18P39,0.00645551098263274,1,LR_C=0.001
PHLDA3,0.006706626409753825,1,LR_C=0.001
RPSAP3,0.0067330078651886135,1,LR_C=0.001
PAICSP3,0.006861754686947961,1,LR_C=0.001
TMEM256,0.006926504144053384,1,LR_C=0.001
AC017083.3,0.0070152333097553855,1,LR_C=0.001
UGT1A3,0.007087458322247471,1,LR_C=0.001
HOMER3,0.0072396912471951996,1,LR_C=0.001
AL109840.1,0.007251084172864246,1,LR_C=0.001
EEF1A1P24,0.0073093433205124745,1,LR_C=0.001
AC022210.1,0.007397876830163463,1,LR_C=0.001
AC008429.2,0.007499497786966371,1,LR_C=0.001
AL512844.1,0.007513402306031762,1,LR_C=0.001
RBMS1P1,0.00766615615067527,1,LR_C=0.001
GTSF1,0.007707899998025114,1,LR_C=0.001
UBE2D3P1,0.007919783179455428,1,LR_C=0.001
UBE2V1P9,0.008221462244412983,1,LR_C=0.001
AC129507.1,0.008523535304055259,1,LR_C=0.001
RPS10P27,0.008531868305562698,1,LR_C=0.001
CLEC4D,0.008544735293615253,1,LR_C=0.001
AL513523.1,0.008607298871988307,1,LR_C=0.001
AC009088.4,0.00882612355197248,1,LR_C=0.001
ZNF90P1,0.008937860003170343,1,LR_C=0.001
AC010168.2,0.009071426444159827,1,LR_C=0.001
GPR171,0.009073638760414024,1,LR_C=0.001
AC004899.1,0.009137077713993429,1,LR_C=0.001
RPL10P14,0.009138889657813514,1,LR_C=0.001
LILRB1-AS1,0.009146897509948161,1,LR_C=0.001
AKR1C7P,0.009178592851247381,1,LR_C=0.001
PRRT2,0.009201467057062276,1,LR_C=0.001
PIGF,0.009309526180685892,1,LR_C=0.001
NPM1P40,0.009496736293310099,1,LR_C=0.001
IGHV3-65,0.009736091251037712,1,LR_C=0.001
MPZL1,0.009924129611929653,1,LR_C=0.001
AF131215.4,0.009989476828377208,1,LR_C=0.001
CYP3A51P,0.010034711325914328,1,LR_C=0.001
KRT18P26,0.010117082147218804,1,LR_C=0.001
AL139327.1,0.010268504184793406,1,LR_C=0.001
PHBP20,0.01034683310901623,1,LR_C=0.001
RPL7P37,0.010401887993774884,1,LR_C=0.001
AL512504.1,0.010403202186464235,1,LR_C=0.001
SS18L1,0.010516256141568236,1,LR_C=0.001
SLC35E4,0.010534825909914938,1,LR_C=0.001
SUMO2P8,0.01053836755694113,1,LR_C=0.001
DUSP8P5,0.010662340131669883,1,LR_C=0.001
DDX42,0.010698982146103096,1,LR_C=0.001
EPHB3,0.00020216008569312886,2,LR_C=0.001
HAPLN1,0.0002077859037268803,2,LR_C=0.001
ZIC2,0.0008655155576426821,2,LR_C=0.001
AC004899.1,0.0017786702326716961,2,LR_C=0.001
VAT1L,0.0019750740974676453,2,LR_C=0.001
PPEF1,0.002025033654887702,2,LR_C=0.001
OTX1,0.0021928610899828913,2,LR_C=0.001
LPAR3,0.002237652249739043,2,LR_C=0.001
NRG2,0.0025997267054093357,2,LR_C=0.001
WISP2,0.0027895199328870613,2,LR_C=0.001
OR8K3,0.00279505432625104,2,LR_C=0.001
SCRG1,0.002795878607043699,2,LR_C=0.001
TMEM163,0.0028227941673482928,2,LR_C=0.001
MYLK2,0.003451486598416251,2,LR_C=0.001
AC136759.1,0.003962506071195958,2,LR_C=0.001
NUDT6,0.004130812437188933,2,LR_C=0.001
IGKV6D-41,0.004176927297824215,2,LR_C=0.001
P2RY6,0.004237190783326331,2,LR_C=0.001
KLF8,0.00425370267226031,2,LR_C=0.001
ETV2,0.004599816778930414,2,LR_C=0.001
TMEM151A,0.004634112904720425,2,LR_C=0.001
TMEM178A,0.004677403900430032,2,LR_C=0.001
RIMKLA,0.0047477368986609545,2,LR_C=0.001
PNMA8B,0.004775286637606459,2,LR_C=0.001
SPANXD,0.004807298468310682,2,LR_C=0.001
ZNF280B,0.005075979522394798,2,LR_C=0.001
CYP19A1,0.005367346629079431,2,LR_C=0.001
COL18A1-AS1,0.005414917640201931,2,LR_C=0.001
C1orf109,0.005455381068478397,2,LR_C=0.001
WBP2NL,0.005521271397640486,2,LR_C=0.001
SNAPC1,0.005565864427339267,2,LR_C=0.001
STOML1,0.005739318751235923,2,LR_C=0.001
KCNS1,0.005791790529215793,2,LR_C=0.001
CICP24,0.005979647781128262,2,LR_C=0.001
C8orf86,0.005980726093360388,2,LR_C=0.001
LINC01568,0.006011533544035087,2,LR_C=0.001
EIF6,0.006064796287896167,2,LR_C=0.001
OR5AU1,0.006133940570571551,2,LR_C=0.001
DCAF4L1,0.006233047722148161,2,LR_C=0.001
CU638689.4,0.006286409185403219,2,LR_C=0.001
SCN2B,0.00632371849112273,2,LR_C=0.001
HOXD8,0.006387513171178946,2,LR_C=0.001
ZNF134,0.006390796417246265,2,LR_C=0.001
SPEM1,0.0064867855046391015,2,LR_C=0.001
Mar-01,0.006548836203915336,2,LR_C=0.001
CDC42EP5,0.006688173508904597,2,LR_C=0.001
TRPV6,0.006704986016799588,2,LR_C=0.001
AC079776.1,0.006732589464826087,2,LR_C=0.001
KCNJ1,0.006773569502094389,2,LR_C=0.001
ZNF454,0.006877634549655826,2,LR_C=0.001
SMAD9,0.007200681610969288,2,LR_C=0.001
AC246793.1,0.007227757115185512,2,LR_C=0.001
SLC12A5,0.007251647928320787,2,LR_C=0.001
TMSB4X,0.007285264177571714,2,LR_C=0.001
PHLDA3,0.007296556019442243,2,LR_C=0.001
NFKBIA,0.007311193917680401,2,LR_C=0.001
OXTR,0.0075034565421289775,2,LR_C=0.001
NOS1,0.007605048547018263,2,LR_C=0.001
SPN,0.007614006619646839,2,LR_C=0.001
IGLV8OR8-1,0.0076245826136205315,2,LR_C=0.001
HIST3H2BB,0.007756301900352849,2,LR_C=0.001
POU6F2,0.007791604513004242,2,LR_C=0.001
GALNT8,0.007933636994834499,2,LR_C=0.001
DMBX1,0.008232333197353975,2,LR_C=0.001
EYA2,0.008255392744942075,2,LR_C=0.001
SGSM1,0.008272225273699753,2,LR_C=0.001
NBEAP3,0.008360885470309339,2,LR_C=0.001
AIPL1,0.008429845147418959,2,LR_C=0.001
MAP1LC3C,0.008479328290267736,2,LR_C=0.001
ENPP5,0.008761152061100324,2,LR_C=0.001
GPX6,0.008777054987757025,2,LR_C=0.001
OPRK1,0.008795250384075014,2,LR_C=0.001
SHISAL2A,0.00882904615874712,2,LR_C=0.001
OPRL1,0.008847263161008744,2,LR_C=0.001
AP002380.1,0.009008050221537377,2,LR_C=0.001
CAMK4,0.009014439671612714,2,LR_C=0.001
PADI4,0.009026406270181761,2,LR_C=0.001
FTH1,0.009223919574188244,2,LR_C=0.001
BIK,0.009257839413471226,2,LR_C=0.001
GABRA3,0.009280655190179125,2,LR_C=0.001
RPL10P1,0.0021275929774248223,3,LR_C=0.001
TDGF1,0.0025374581628307587,3,LR_C=0.001
PILRA,0.002626778852519513,3,LR_C=0.001
RPL22P7,0.0027762618133728,3,LR_C=0.001
IKZF5,0.0028237183968203602,3,LR_C=0.001
NPM1P9,0.0029070699709618105,3,LR_C=0.001
OR7D1P,0.0032740515547773448,3,LR_C=0.001
AC023538.1,0.0033082693670804532,3,LR_C=0.001
IGHV3-72,0.003666698014236809,3,LR_C=0.001
GNPDA2,0.004022023704760414,3,LR_C=0.001
TMPRSS11D,0.004050926123390039,3,LR_C=0.001
IL17A,0.004173989547924128,3,LR_C=0.001
NPM1P40,0.00427700258273264,3,LR_C=0.001
TMEM163,0.004291806991288446,3,LR_C=0.001
STEAP1B,0.004499942192736941,3,LR_C=0.001
GABRB1,0.004542070971651766,3,LR_C=0.001
IGHV3OR16-7,0.004632744083484342,3,LR_C=0.001
AKR1C7P,0.00472070820168482,3,LR_C=0.001
CCRL2,0.0048445574920242375,3,LR_C=0.001
TTLL10-AS1,0.0048568458988463015,3,LR_C=0.001
KRBOX1,0.004881103302893692,3,LR_C=0.001
TNFSF4,0.005218339865033611,3,LR_C=0.001
PTRHD1,0.005388569373235419,3,LR_C=0.001
PBK,0.005470913765208948,3,LR_C=0.001
REG1A,0.005544729754438351,3,LR_C=0.001
AL157791.1,0.005649639125400978,3,LR_C=0.001
OR8K3,0.005933331725738306,3,LR_C=0.001
RPS10P27,0.0061056021683903935,3,LR_C=0.001
MEIG1,0.006158201596570906,3,LR_C=0.001
LINC02474,0.006196937849702563,3,LR_C=0.001
AC005336.1,0.006222002605441377,3,LR_C=0.001
AP000708.1,0.006245257834047651,3,LR_C=0.001
HCRTR2,0.006305171651627963,3,LR_C=0.001
MIR181A2,0.006396392025483483,3,LR_C=0.001
IQCA1,0.006691053516474767,3,LR_C=0.001
RPS24P8,0.006708255037874468,3,LR_C=0.001
LACC1,0.00673675681251759,3,LR_C=0.001
AL512625.3,0.007081970619814359,3,LR_C=0.001
TGIF2,0.007099558014083966,3,LR_C=0.001
AP004245.1,0.007378906106744349,3,LR_C=0.001
TSPEAR,0.007411775366567695,3,LR_C=0.001
CUBNP3,0.007470015570729442,3,LR_C=0.001
ATP5MGL,0.007498941678723931,3,LR_C=0.001
RAB20,0.007574662795402021,3,LR_C=0.001
RPL37AP1,0.007628009381841405,3,LR_C=0.001
KDF1,0.00781991605728078,3,LR_C=0.001
KLHL42,0.007823271924225814,3,LR_C=0.001
WDR89,0.008041923491900027,3,LR_C=0.001
OR2AG1,0.008154252655293572,3,LR_C=0.001
CGGBP1,0.008155162864501735,3,LR_C=0.001
AC025459.1,0.00825123285301825,3,LR_C=0.001
AL513523.1,0.008266411547382568,3,LR_C=0.001
GSTA5,0.008340704647273468,3,LR_C=0.001
ZNF695,0.008408492372089342,3,LR_C=0.001
SNCA,0.00859797210221345,3,LR_C=0.001
RBM17P4,0.008725615379581884,3,LR_C=0.001
ZNF281,0.00883751372833807,3,LR_C=0.001
TSGA10,0.00894670148913218,3,LR_C=0.001
OR7E99P,0.008952794583065854,3,LR_C=0.001
PSMA6P2,0.009024638728868273,3,LR_C=0.001
RAP2A,0.00927812503016461,3,LR_C=0.001
EIPR1,0.00929092415431506,3,LR_C=0.001
IGHV3OR16-9,0.009299117921384431,3,LR_C=0.001
SHC3,0.009317791738814222,3,LR_C=0.001
AC090615.1,0.009354076291459294,3,LR_C=0.001
AC074276.1,0.009381165164507663,3,LR_C=0.001
OR10H4,0.00947505353153751,3,LR_C=0.001
CAP1P2,0.009583581345159619,3,LR_C=0.001
SLC9A7P1,0.009628326337290693,3,LR_C=0.001
SHISA3,0.009674962823156968,3,LR_C=0.001
GPX1P2,0.009719079755039916,3,LR_C=0.001
MAP2K7,0.009883439370706466,3,LR_C=0.001
BEX5,0.009958349981444852,3,LR_C=0.001
KRTAP3-2,0.009985041769923639,3,LR_C=0.001
INSIG2,0.010045713542394072,3,LR_C=0.001
POU6F2,0.010073990991910664,3,LR_C=0.001
AC110994.1,0.010096778562826635,3,LR_C=0.001
MRPL35P1,0.010199645785247367,3,LR_C=0.001
RPS27AP1,0.010222750569388758,3,LR_C=0.001
C20orf197,0.010249452458275693,3,LR_C=0.001
SMIM30,0.00010286932660270421,1,LR_C=0.01
INSIG2,0.0001292525720353634,1,LR_C=0.01
LACC1,0.0006541367243495217,1,LR_C=0.01
LIPC-AS1,0.0007968236195139382,1,LR_C=0.01
RPL12P35,0.0008354363742739175,1,LR_C=0.01
NUDT6,0.0010149916319525353,1,LR_C=0.01
PABPC1P4,0.0010491740661967234,1,LR_C=0.01
AL445305.1,0.00113542617923161,1,LR_C=0.01
RPL17P43,0.0012649145443519537,1,LR_C=0.01
APOBEC3C,0.0015910084049127042,1,LR_C=0.01
SDHAF4,0.0018084846615200898,1,LR_C=0.01
MIR181A2,0.0020338905317911792,1,LR_C=0.01
BX248409.1,0.0023807237574048636,1,LR_C=0.01
ARMC10P1,0.003521493724008932,1,LR_C=0.01
SNAPC1,0.0035839687774609427,1,LR_C=0.01
RTL8A,0.0036186528544431182,1,LR_C=0.01
AL590135.1,0.0037535535659967987,1,LR_C=0.01
TMEM14EP,0.0039457191976609044,1,LR_C=0.01
BBS1,0.004341319678965292,1,LR_C=0.01
MILR1,0.004478510684175455,1,LR_C=0.01
AC074276.1,0.004768925197314613,1,LR_C=0.01
RNF2,0.004797891423229959,1,LR_C=0.01
AC008560.1,0.00513833659701623,1,LR_C=0.01
AL139383.1,0.005185256464551958,1,LR_C=0.01
AC022034.3,0.005254584729106388,1,LR_C=0.01
SKA2P1,0.00543230453829942,1,LR_C=0.01
ARL5A,0.005552283360035498,1,LR_C=0.01
YBX3P1,0.005606013825193426,1,LR_C=0.01
ELOCP2,0.0056779822757251665,1,LR_C=0.01
AL162311.2,0.005850433157626164,1,LR_C=0.01
MRPL11,0.005874687898528172,1,LR_C=0.01
AC022905.1,0.006063720304561488,1,LR_C=0.01
HRAS,0.006370751382717891,1,LR_C=0.01
OPN3,0.006410069223270895,1,LR_C=0.01
KRT18P39,0.00645551098263274,1,LR_C=0.01
PHLDA3,0.006706626409753825,1,LR_C=0.01
RPSAP3,0.0067330078651886135,1,LR_C=0.01
PAICSP3,0.006861754686947961,1,LR_C=0.01
TMEM256,0.006926504144053384,1,LR_C=0.01
AC017083.3,0.0070152333097553855,1,LR_C=0.01
UGT1A3,0.007087458322247471,1,LR_C=0.01
HOMER3,0.0072396912471951996,1,LR_C=0.01
AL109840.1,0.007251084172864246,1,LR_C=0.01
EEF1A1P24,0.0073093433205124745,1,LR_C=0.01
AC022210.1,0.007397876830163463,1,LR_C=0.01
AC008429.2,0.007499497786966371,1,LR_C=0.01
AL512844.1,0.007513402306031762,1,LR_C=0.01
RBMS1P1,0.00766615615067527,1,LR_C=0.01
GTSF1,0.007707899998025114,1,LR_C=0.01
UBE2D3P1,0.007919783179455428,1,LR_C=0.01
UBE2V1P9,0.008221462244412983,1,LR_C=0.01
AC129507.1,0.008523535304055259,1,LR_C=0.01
RPS10P27,0.008531868305562698,1,LR_C=0.01
CLEC4D,0.008544735293615253,1,LR_C=0.01
AL513523.1,0.008607298871988307,1,LR_C=0.01
AC009088.4,0.00882612355197248,1,LR_C=0.01
ZNF90P1,0.008937860003170343,1,LR_C=0.01
AC010168.2,0.009071426444159827,1,LR_C=0.01
GPR171,0.009073638760414024,1,LR_C=0.01
AC004899.1,0.009137077713993429,1,LR_C=0.01
RPL10P14,0.009138889657813514,1,LR_C=0.01
LILRB1-AS1,0.009146897509948161,1,LR_C=0.01
AKR1C7P,0.009178592851247381,1,LR_C=0.01
PRRT2,0.009201467057062276,1,LR_C=0.01
PIGF,0.009309526180685892,1,LR_C=0.01
NPM1P40,0.009496736293310099,1,LR_C=0.01
IGHV3-65,0.009736091251037712,1,LR_C=0.01
MPZL1,0.009924129611929653,1,LR_C=0.01
AF131215.4,0.009989476828377208,1,LR_C=0.01
CYP3A51P,0.010034711325914328,1,LR_C=0.01
KRT18P26,0.010117082147218804,1,LR_C=0.01
AL139327.1,0.010268504184793406,1,LR_C=0.01
PHBP20,0.01034683310901623,1,LR_C=0.01
RPL7P37,0.010401887993774884,1,LR_C=0.01
AL512504.1,0.010403202186464235,1,LR_C=0.01
SS18L1,0.010516256141568236,1,LR_C=0.01
SLC35E4,0.010534825909914938,1,LR_C=0.01
SUMO2P8,0.01053836755694113,1,LR_C=0.01
DUSP8P5,0.010662340131669883,1,LR_C=0.01
DDX42,0.010698982146103096,1,LR_C=0.01
EPHB3,0.00020216008569312886,2,LR_C=0.01
HAPLN1,0.0002077859037268803,2,LR_C=0.01
ZIC2,0.0008655155576426821,2,LR_C=0.01
AC004899.1,0.0017786702326716961,2,LR_C=0.01
VAT1L,0.0019750740974676453,2,LR_C=0.01
PPEF1,0.002025033654887702,2,LR_C=0.01
OTX1,0.0021928610899828913,2,LR_C=0.01
LPAR3,0.002237652249739043,2,LR_C=0.01
NRG2,0.0025997267054093357,2,LR_C=0.01
WISP2,0.0027895199328870613,2,LR_C=0.01
OR8K3,0.00279505432625104,2,LR_C=0.01
SCRG1,0.002795878607043699,2,LR_C=0.01
TMEM163,0.0028227941673482928,2,LR_C=0.01
MYLK2,0.003451486598416251,2,LR_C=0.01
AC136759.1,0.003962506071195958,2,LR_C=0.01
NUDT6,0.004130812437188933,2,LR_C=0.01
IGKV6D-41,0.004176927297824215,2,LR_C=0.01
P2RY6,0.004237190783326331,2,LR_C=0.01
KLF8,0.00425370267226031,2,LR_C=0.01
ETV2,0.004599816778930414,2,LR_C=0.01
TMEM151A,0.004634112904720425,2,LR_C=0.01
TMEM178A,0.004677403900430032,2,LR_C=0.01
RIMKLA,0.0047477368986609545,2,LR_C=0.01
PNMA8B,0.004775286637606459,2,LR_C=0.01
SPANXD,0.004807298468310682,2,LR_C=0.01
ZNF280B,0.005075979522394798,2,LR_C=0.01
CYP19A1,0.005367346629079431,2,LR_C=0.01
COL18A1-AS1,0.005414917640201931,2,LR_C=0.01
C1orf109,0.005455381068478397,2,LR_C=0.01
WBP2NL,0.005521271397640486,2,LR_C=0.01
SNAPC1,0.005565864427339267,2,LR_C=0.01
STOML1,0.005739318751235923,2,LR_C=0.01
KCNS1,0.005791790529215793,2,LR_C=0.01
CICP24,0.005979647781128262,2,LR_C=0.01
C8orf86,0.005980726093360388,2,LR_C=0.01
LINC01568,0.006011533544035087,2,LR_C=0.01
EIF6,0.006064796287896167,2,LR_C=0.01
OR5AU1,0.006133940570571551,2,LR_C=0.01
DCAF4L1,0.006233047722148161,2,LR_C=0.01
CU638689.4,0.006286409185403219,2,LR_C=0.01
SCN2B,0.00632371849112273,2,LR_C=0.01
HOXD8,0.006387513171178946,2,LR_C=0.01
ZNF134,0.006390796417246265,2,LR_C=0.01
SPEM1,0.0064867855046391015,2,LR_C=0.01
Mar-01,0.006548836203915336,2,LR_C=0.01
CDC42EP5,0.006688173508904597,2,LR_C=0.01
TRPV6,0.006704986016799588,2,LR_C=0.01
AC079776.1,0.006732589464826087,2,LR_C=0.01
KCNJ1,0.006773569502094389,2,LR_C=0.01
ZNF454,0.006877634549655826,2,LR_C=0.01
SMAD9,0.007200681610969288,2,LR_C=0.01
AC246793.1,0.007227757115185512,2,LR_C=0.01
SLC12A5,0.007251647928320787,2,LR_C=0.01
TMSB4X,0.007285264177571714,2,LR_C=0.01
PHLDA3,0.007296556019442243,2,LR_C=0.01
NFKBIA,0.007311193917680401,2,LR_C=0.01
OXTR,0.0075034565421289775,2,LR_C=0.01
NOS1,0.007605048547018263,2,LR_C=0.01
SPN,0.007614006619646839,2,LR_C=0.01
IGLV8OR8-1,0.0076245826136205315,2,LR_C=0.01
HIST3H2BB,0.007756301900352849,2,LR_C=0.01
POU6F2,0.007791604513004242,2,LR_C=0.01
GALNT8,0.007933636994834499,2,LR_C=0.01
DMBX1,0.008232333197353975,2,LR_C=0.01
EYA2,0.008255392744942075,2,LR_C=0.01
SGSM1,0.008272225273699753,2,LR_C=0.01
NBEAP3,0.008360885470309339,2,LR_C=0.01
AIPL1,0.008429845147418959,2,LR_C=0.01
MAP1LC3C,0.008479328290267736,2,LR_C=0.01
ENPP5,0.008761152061100324,2,LR_C=0.01
GPX6,0.008777054987757025,2,LR_C=0.01
OPRK1,0.008795250384075014,2,LR_C=0.01
SHISAL2A,0.00882904615874712,2,LR_C=0.01
OPRL1,0.008847263161008744,2,LR_C=0.01
AP002380.1,0.009008050221537377,2,LR_C=0.01
CAMK4,0.009014439671612714,2,LR_C=0.01
PADI4,0.009026406270181761,2,LR_C=0.01
FTH1,0.009223919574188244,2,LR_C=0.01
BIK,0.009257839413471226,2,LR_C=0.01
GABRA3,0.009280655190179125,2,LR_C=0.01
RPL10P1,0.0021275929774248223,3,LR_C=0.01
TDGF1,0.0025374581628307587,3,LR_C=0.01
PILRA,0.002626778852519513,3,LR_C=0.01
RPL22P7,0.0027762618133728,3,LR_C=0.01
IKZF5,0.0028237183968203602,3,LR_C=0.01
NPM1P9,0.0029070699709618105,3,LR_C=0.01
OR7D1P,0.0032740515547773448,3,LR_C=0.01
AC023538.1,0.0033082693670804532,3,LR_C=0.01
IGHV3-72,0.003666698014236809,3,LR_C=0.01
GNPDA2,0.004022023704760414,3,LR_C=0.01
TMPRSS11D,0.004050926123390039,3,LR_C=0.01
IL17A,0.004173989547924128,3,LR_C=0.01
NPM1P40,0.00427700258273264,3,LR_C=0.01
TMEM163,0.004291806991288446,3,LR_C=0.01
STEAP1B,0.004499942192736941,3,LR_C=0.01
GABRB1,0.004542070971651766,3,LR_C=0.01
IGHV3OR16-7,0.004632744083484342,3,LR_C=0.01
AKR1C7P,0.00472070820168482,3,LR_C=0.01
CCRL2,0.0048445574920242375,3,LR_C=0.01
TTLL10-AS1,0.0048568458988463015,3,LR_C=0.01
KRBOX1,0.004881103302893692,3,LR_C=0.01
TNFSF4,0.005218339865033611,3,LR_C=0.01
PTRHD1,0.005388569373235419,3,LR_C=0.01
PBK,0.005470913765208948,3,LR_C=0.01
REG1A,0.005544729754438351,3,LR_C=0.01
AL157791.1,0.005649639125400978,3,LR_C=0.01
OR8K3,0.005933331725738306,3,LR_C=0.01
RPS10P27,0.0061056021683903935,3,LR_C=0.01
MEIG1,0.006158201596570906,3,LR_C=0.01
LINC02474,0.006196937849702563,3,LR_C=0.01
AC005336.1,0.006222002605441377,3,LR_C=0.01
AP000708.1,0.006245257834047651,3,LR_C=0.01
HCRTR2,0.006305171651627963,3,LR_C=0.01
MIR181A2,0.006396392025483483,3,LR_C=0.01
IQCA1,0.006691053516474767,3,LR_C=0.01
RPS24P8,0.006708255037874468,3,LR_C=0.01
LACC1,0.00673675681251759,3,LR_C=0.01
AL512625.3,0.007081970619814359,3,LR_C=0.01
TGIF2,0.007099558014083966,3,LR_C=0.01
AP004245.1,0.007378906106744349,3,LR_C=0.01
TSPEAR,0.007411775366567695,3,LR_C=0.01
CUBNP3,0.007470015570729442,3,LR_C=0.01
ATP5MGL,0.007498941678723931,3,LR_C=0.01
RAB20,0.007574662795402021,3,LR_C=0.01
RPL37AP1,0.007628009381841405,3,LR_C=0.01
KDF1,0.00781991605728078,3,LR_C=0.01
KLHL42,0.007823271924225814,3,LR_C=0.01
WDR89,0.008041923491900027,3,LR_C=0.01
OR2AG1,0.008154252655293572,3,LR_C=0.01
CGGBP1,0.008155162864501735,3,LR_C=0.01
AC025459.1,0.00825123285301825,3,LR_C=0.01
AL513523.1,0.008266411547382568,3,LR_C=0.01
GSTA5,0.008340704647273468,3,LR_C=0.01
ZNF695,0.008408492372089342,3,LR_C=0.01
SNCA,0.00859797210221345,3,LR_C=0.01
RBM17P4,0.008725615379581884,3,LR_C=0.01
ZNF281,0.00883751372833807,3,LR_C=0.01
TSGA10,0.00894670148913218,3,LR_C=0.01
OR7E99P,0.008952794583065854,3,LR_C=0.01
PSMA6P2,0.009024638728868273,3,LR_C=0.01
RAP2A,0.00927812503016461,3,LR_C=0.01
EIPR1,0.00929092415431506,3,LR_C=0.01
IGHV3OR16-9,0.009299117921384431,3,LR_C=0.01
SHC3,0.009317791738814222,3,LR_C=0.01
AC090615.1,0.009354076291459294,3,LR_C=0.01
AC074276.1,0.009381165164507663,3,LR_C=0.01
OR10H4,0.00947505353153751,3,LR_C=0.01
CAP1P2,0.009583581345159619,3,LR_C=0.01
SLC9A7P1,0.009628326337290693,3,LR_C=0.01
SHISA3,0.009674962823156968,3,LR_C=0.01
GPX1P2,0.009719079755039916,3,LR_C=0.01
MAP2K7,0.009883439370706466,3,LR_C=0.01
BEX5,0.009958349981444852,3,LR_C=0.01
KRTAP3-2,0.009985041769923639,3,LR_C=0.01
INSIG2,0.010045713542394072,3,LR_C=0.01
POU6F2,0.010073990991910664,3,LR_C=0.01
AC110994.1,0.010096778562826635,3,LR_C=0.01
MRPL35P1,0.010199645785247367,3,LR_C=0.01
RPS27AP1,0.010222750569388758,3,LR_C=0.01
C20orf197,0.010249452458275693,3,LR_C=0.01
SMIM30,0.00010286932660270421,1,LR_C=0.1
INSIG2,0.0001292525720353634,1,LR_C=0.1
LACC1,0.0006541367243495217,1,LR_C=0.1
LIPC-AS1,0.0007968236195139382,1,LR_C=0.1
RPL12P35,0.0008354363742739175,1,LR_C=0.1
NUDT6,0.0010149916319525353,1,LR_C=0.1
PABPC1P4,0.0010491740661967234,1,LR_C=0.1
AL445305.1,0.00113542617923161,1,LR_C=0.1
RPL17P43,0.0012649145443519537,1,LR_C=0.1
APOBEC3C,0.0015910084049127042,1,LR_C=0.1
SDHAF4,0.0018084846615200898,1,LR_C=0.1
MIR181A2,0.0020338905317911792,1,LR_C=0.1
BX248409.1,0.0023807237574048636,1,LR_C=0.1
ARMC10P1,0.003521493724008932,1,LR_C=0.1
SNAPC1,0.0035839687774609427,1,LR_C=0.1
RTL8A,0.0036186528544431182,1,LR_C=0.1
AL590135.1,0.0037535535659967987,1,LR_C=0.1
TMEM14EP,0.0039457191976609044,1,LR_C=0.1
BBS1,0.004341319678965292,1,LR_C=0.1
MILR1,0.004478510684175455,1,LR_C=0.1
AC074276.1,0.004768925197314613,1,LR_C=0.1
RNF2,0.004797891423229959,1,LR_C=0.1
AC008560.1,0.00513833659701623,1,LR_C=0.1
AL139383.1,0.005185256464551958,1,LR_C=0.1
AC022034.3,0.005254584729106388,1,LR_C=0.1
SKA2P1,0.00543230453829942,1,LR_C=0.1
ARL5A,0.005552283360035498,1,LR_C=0.1
YBX3P1,0.005606013825193426,1,LR_C=0.1
ELOCP2,0.0056779822757251665,1,LR_C=0.1
AL162311.2,0.005850433157626164,1,LR_C=0.1
MRPL11,0.005874687898528172,1,LR_C=0.1
AC022905.1,0.006063720304561488,1,LR_C=0.1
HRAS,0.006370751382717891,1,LR_C=0.1
OPN3,0.006410069223270895,1,LR_C=0.1
KRT18P39,0.00645551098263274,1,LR_C=0.1
PHLDA3,0.006706626409753825,1,LR_C=0.1
RPSAP3,0.0067330078651886135,1,LR_C=0.1
PAICSP3,0.006861754686947961,1,LR_C=0.1
TMEM256,0.006926504144053384,1,LR_C=0.1
AC017083.3,0.0070152333097553855,1,LR_C=0.1
UGT1A3,0.007087458322247471,1,LR_C=0.1
HOMER3,0.0072396912471951996,1,LR_C=0.1
AL109840.1,0.007251084172864246,1,LR_C=0.1
EEF1A1P24,0.0073093433205124745,1,LR_C=0.1
AC022210.1,0.007397876830163463,1,LR_C=0.1
AC008429.2,0.007499497786966371,1,LR_C=0.1
AL512844.1,0.007513402306031762,1,LR_C=0.1
RBMS1P1,0.00766615615067527,1,LR_C=0.1
GTSF1,0.007707899998025114,1,LR_C=0.1
UBE2D3P1,0.007919783179455428,1,LR_C=0.1
UBE2V1P9,0.008221462244412983,1,LR_C=0.1
AC129507.1,0.008523535304055259,1,LR_C=0.1
RPS10P27,0.008531868305562698,1,LR_C=0.1
CLEC4D,0.008544735293615253,1,LR_C=0.1
AL513523.1,0.008607298871988307,1,LR_C=0.1
AC009088.4,0.00882612355197248,1,LR_C=0.1
ZNF90P1,0.008937860003170343,1,LR_C=0.1
AC010168.2,0.009071426444159827,1,LR_C=0.1
GPR171,0.009073638760414024,1,LR_C=0.1
AC004899.1,0.009137077713993429,1,LR_C=0.1
RPL10P14,0.009138889657813514,1,LR_C=0.1
LILRB1-AS1,0.009146897509948161,1,LR_C=0.1
AKR1C7P,0.009178592851247381,1,LR_C=0.1
PRRT2,0.009201467057062276,1,LR_C=0.1
PIGF,0.009309526180685892,1,LR_C=0.1
NPM1P40,0.009496736293310099,1,LR_C=0.1
IGHV3-65,0.009736091251037712,1,LR_C=0.1
MPZL1,0.009924129611929653,1,LR_C=0.1
AF131215.4,0.009989476828377208,1,LR_C=0.1
CYP3A51P,0.010034711325914328,1,LR_C=0.1
KRT18P26,0.010117082147218804,1,LR_C=0.1
AL139327.1,0.010268504184793406,1,LR_C=0.1
PHBP20,0.01034683310901623,1,LR_C=0.1
RPL7P37,0.010401887993774884,1,LR_C=0.1
AL512504.1,0.010403202186464235,1,LR_C=0.1
SS18L1,0.010516256141568236,1,LR_C=0.1
SLC35E4,0.010534825909914938,1,LR_C=0.1
SUMO2P8,0.01053836755694113,1,LR_C=0.1
DUSP8P5,0.010662340131669883,1,LR_C=0.1
DDX42,0.010698982146103096,1,LR_C=0.1
EPHB3,0.00020216008569312886,2,LR_C=0.1
HAPLN1,0.0002077859037268803,2,LR_C=0.1
ZIC2,0.0008655155576426821,2,LR_C=0.1
AC004899.1,0.0017786702326716961,2,LR_C=0.1
VAT1L,0.0019750740974676453,2,LR_C=0.1
PPEF1,0.002025033654887702,2,LR_C=0.1
OTX1,0.0021928610899828913,2,LR_C=0.1
LPAR3,0.002237652249739043,2,LR_C=0.1
NRG2,0.0025997267054093357,2,LR_C=0.1
WISP2,0.0027895199328870613,2,LR_C=0.1
OR8K3,0.00279505432625104,2,LR_C=0.1
SCRG1,0.002795878607043699,2,LR_C=0.1
TMEM163,0.0028227941673482928,2,LR_C=0.1
MYLK2,0.003451486598416251,2,LR_C=0.1
AC136759.1,0.003962506071195958,2,LR_C=0.1
NUDT6,0.004130812437188933,2,LR_C=0.1
IGKV6D-41,0.004176927297824215,2,LR_C=0.1
P2RY6,0.004237190783326331,2,LR_C=0.1
KLF8,0.00425370267226031,2,LR_C=0.1
ETV2,0.004599816778930414,2,LR_C=0.1
TMEM151A,0.004634112904720425,2,LR_C=0.1
TMEM178A,0.004677403900430032,2,LR_C=0.1
RIMKLA,0.0047477368986609545,2,LR_C=0.1
PNMA8B,0.004775286637606459,2,LR_C=0.1
SPANXD,0.004807298468310682,2,LR_C=0.1
ZNF280B,0.005075979522394798,2,LR_C=0.1
CYP19A1,0.005367346629079431,2,LR_C=0.1
COL18A1-AS1,0.005414917640201931,2,LR_C=0.1
C1orf109,0.005455381068478397,2,LR_C=0.1
WBP2NL,0.005521271397640486,2,LR_C=0.1
SNAPC1,0.005565864427339267,2,LR_C=0.1
STOML1,0.005739318751235923,2,LR_C=0.1
KCNS1,0.005791790529215793,2,LR_C=0.1
CICP24,0.005979647781128262,2,LR_C=0.1
C8orf86,0.005980726093360388,2,LR_C=0.1
LINC01568,0.006011533544035087,2,LR_C=0.1
EIF6,0.006064796287896167,2,LR_C=0.1
OR5AU1,0.006133940570571551,2,LR_C=0.1
DCAF4L1,0.006233047722148161,2,LR_C=0.1
CU638689.4,0.006286409185403219,2,LR_C=0.1
SCN2B,0.00632371849112273,2,LR_C=0.1
HOXD8,0.006387513171178946,2,LR_C=0.1
ZNF134,0.006390796417246265,2,LR_C=0.1
SPEM1,0.0064867855046391015,2,LR_C=0.1
Mar-01,0.006548836203915336,2,LR_C=0.1
CDC42EP5,0.006688173508904597,2,LR_C=0.1
TRPV6,0.006704986016799588,2,LR_C=0.1
AC079776.1,0.006732589464826087,2,LR_C=0.1
KCNJ1,0.006773569502094389,2,LR_C=0.1
ZNF454,0.006877634549655826,2,LR_C=0.1
SMAD9,0.007200681610969288,2,LR_C=0.1
AC246793.1,0.007227757115185512,2,LR_C=0.1
SLC12A5,0.007251647928320787,2,LR_C=0.1
TMSB4X,0.007285264177571714,2,LR_C=0.1
PHLDA3,0.007296556019442243,2,LR_C=0.1
NFKBIA,0.007311193917680401,2,LR_C=0.1
OXTR,0.0075034565421289775,2,LR_C=0.1
NOS1,0.007605048547018263,2,LR_C=0.1
SPN,0.007614006619646839,2,LR_C=0.1
IGLV8OR8-1,0.0076245826136205315,2,LR_C=0.1
HIST3H2BB,0.007756301900352849,2,LR_C=0.1
POU6F2,0.007791604513004242,2,LR_C=0.1
GALNT8,0.007933636994834499,2,LR_C=0.1
DMBX1,0.008232333197353975,2,LR_C=0.1
EYA2,0.008255392744942075,2,LR_C=0.1
SGSM1,0.008272225273699753,2,LR_C=0.1
NBEAP3,0.008360885470309339,2,LR_C=0.1
AIPL1,0.008429845147418959,2,LR_C=0.1
MAP1LC3C,0.008479328290267736,2,LR_C=0.1
ENPP5,0.008761152061100324,2,LR_C=0.1
GPX6,0.008777054987757025,2,LR_C=0.1
OPRK1,0.008795250384075014,2,LR_C=0.1
SHISAL2A,0.00882904615874712,2,LR_C=0.1
OPRL1,0.008847263161008744,2,LR_C=0.1
AP002380.1,0.009008050221537377,2,LR_C=0.1
CAMK4,0.009014439671612714,2,LR_C=0.1
PADI4,0.009026406270181761,2,LR_C=0.1
FTH1,0.009223919574188244,2,LR_C=0.1
BIK,0.009257839413471226,2,LR_C=0.1
GABRA3,0.009280655190179125,2,LR_C=0.1
RPL10P1,0.0021275929774248223,3,LR_C=0.1
TDGF1,0.0025374581628307587,3,LR_C=0.1
PILRA,0.002626778852519513,3,LR_C=0.1
RPL22P7,0.0027762618133728,3,LR_C=0.1
IKZF5,0.0028237183968203602,3,LR_C=0.1
NPM1P9,0.0029070699709618105,3,LR_C=0.1
OR7D1P,0.0032740515547773448,3,LR_C=0.1
AC023538.1,0.0033082693670804532,3,LR_C=0.1
IGHV3-72,0.003666698014236809,3,LR_C=0.1
GNPDA2,0.004022023704760414,3,LR_C=0.1
TMPRSS11D,0.004050926123390039,3,LR_C=0.1
IL17A,0.004173989547924128,3,LR_C=0.1
NPM1P40,0.00427700258273264,3,LR_C=0.1
TMEM163,0.004291806991288446,3,LR_C=0.1
STEAP1B,0.004499942192736941,3,LR_C=0.1
GABRB1,0.004542070971651766,3,LR_C=0.1
IGHV3OR16-7,0.004632744083484342,3,LR_C=0.1
AKR1C7P,0.00472070820168482,3,LR_C=0.1
CCRL2,0.0048445574920242375,3,LR_C=0.1
TTLL10-AS1,0.0048568458988463015,3,LR_C=0.1
KRBOX1,0.004881103302893692,3,LR_C=0.1
TNFSF4,0.005218339865033611,3,LR_C=0.1
PTRHD1,0.005388569373235419,3,LR_C=0.1
PBK,0.005470913765208948,3,LR_C=0.1
REG1A,0.005544729754438351,3,LR_C=0.1
AL157791.1,0.005649639125400978,3,LR_C=0.1
OR8K3,0.005933331725738306,3,LR_C=0.1
RPS10P27,0.0061056021683903935,3,LR_C=0.1
MEIG1,0.006158201596570906,3,LR_C=0.1
LINC02474,0.006196937849702563,3,LR_C=0.1
AC005336.1,0.006222002605441377,3,LR_C=0.1
AP000708.1,0.006245257834047651,3,LR_C=0.1
HCRTR2,0.006305171651627963,3,LR_C=0.1
MIR181A2,0.006396392025483483,3,LR_C=0.1
IQCA1,0.006691053516474767,3,LR_C=0.1
RPS24P8,0.006708255037874468,3,LR_C=0.1
LACC1,0.00673675681251759,3,LR_C=0.1
AL512625.3,0.007081970619814359,3,LR_C=0.1
TGIF2,0.007099558014083966,3,LR_C=0.1
AP004245.1,0.007378906106744349,3,LR_C=0.1
TSPEAR,0.007411775366567695,3,LR_C=0.1
CUBNP3,0.007470015570729442,3,LR_C=0.1
ATP5MGL,0.007498941678723931,3,LR_C=0.1
RAB20,0.007574662795402021,3,LR_C=0.1
RPL37AP1,0.007628009381841405,3,LR_C=0.1
KDF1,0.00781991605728078,3,LR_C=0.1
KLHL42,0.007823271924225814,3,LR_C=0.1
WDR89,0.008041923491900027,3,LR_C=0.1
OR2AG1,0.008154252655293572,3,LR_C=0.1
CGGBP1,0.008155162864501735,3,LR_C=0.1
AC025459.1,0.00825123285301825,3,LR_C=0.1
AL513523.1,0.008266411547382568,3,LR_C=0.1
GSTA5,0.008340704647273468,3,LR_C=0.1
ZNF695,0.008408492372089342,3,LR_C=0.1
SNCA,0.00859797210221345,3,LR_C=0.1
RBM17P4,0.008725615379581884,3,LR_C=0.1
ZNF281,0.00883751372833807,3,LR_C=0.1
TSGA10,0.00894670148913218,3,LR_C=0.1
OR7E99P,0.008952794583065854,3,LR_C=0.1
PSMA6P2,0.009024638728868273,3,LR_C=0.1
RAP2A,0.00927812503016461,3,LR_C=0.1
EIPR1,0.00929092415431506,3,LR_C=0.1
IGHV3OR16-9,0.009299117921384431,3,LR_C=0.1
SHC3,0.009317791738814222,3,LR_C=0.1
AC090615.1,0.009354076291459294,3,LR_C=0.1
AC074276.1,0.009381165164507663,3,LR_C=0.1
OR10H4,0.00947505353153751,3,LR_C=0.1
CAP1P2,0.009583581345159619,3,LR_C=0.1
SLC9A7P1,0.009628326337290693,3,LR_C=0.1
SHISA3,0.009674962823156968,3,LR_C=0.1
GPX1P2,0.009719079755039916,3,LR_C=0.1
MAP2K7,0.009883439370706466,3,LR_C=0.1
BEX5,0.009958349981444852,3,LR_C=0.1
KRTAP3-2,0.009985041769923639,3,LR_C=0.1
INSIG2,0.010045713542394072,3,LR_C=0.1
POU6F2,0.010073990991910664,3,LR_C=0.1
AC110994.1,0.010096778562826635,3,LR_C=0.1
MRPL35P1,0.010199645785247367,3,LR_C=0.1
RPS27AP1,0.010222750569388758,3,LR_C=0.1
C20orf197,0.010249452458275693,3,LR_C=0.1
SMIM30,0.00010286932660270421,1,LR_C=1
INSIG2,0.0001292525720353634,1,LR_C=1
LACC1,0.0006541367243495217,1,LR_C=1
LIPC-AS1,0.0007968236195139382,1,LR_C=1
RPL12P35,0.0008354363742739175,1,LR_C=1
NUDT6,0.0010149916319525353,1,LR_C=1
PABPC1P4,0.0010491740661967234,1,LR_C=1
AL445305.1,0.00113542617923161,1,LR_C=1
RPL17P43,0.0012649145443519537,1,LR_C=1
APOBEC3C,0.0015910084049127042,1,LR_C=1
SDHAF4,0.0018084846615200898,1,LR_C=1
MIR181A2,0.0020338905317911792,1,LR_C=1
BX248409.1,0.0023807237574048636,1,LR_C=1
ARMC10P1,0.003521493724008932,1,LR_C=1
SNAPC1,0.0035839687774609427,1,LR_C=1
RTL8A,0.0036186528544431182,1,LR_C=1
AL590135.1,0.0037535535659967987,1,LR_C=1
TMEM14EP,0.0039457191976609044,1,LR_C=1
BBS1,0.004341319678965292,1,LR_C=1
MILR1,0.004478510684175455,1,LR_C=1
AC074276.1,0.004768925197314613,1,LR_C=1
RNF2,0.004797891423229959,1,LR_C=1
AC008560.1,0.00513833659701623,1,LR_C=1
AL139383.1,0.005185256464551958,1,LR_C=1
AC022034.3,0.005254584729106388,1,LR_C=1
SKA2P1,0.00543230453829942,1,LR_C=1
ARL5A,0.005552283360035498,1,LR_C=1
YBX3P1,0.005606013825193426,1,LR_C=1
ELOCP2,0.0056779822757251665,1,LR_C=1
AL162311.2,0.005850433157626164,1,LR_C=1
MRPL11,0.005874687898528172,1,LR_C=1
AC022905.1,0.006063720304561488,1,LR_C=1
HRAS,0.006370751382717891,1,LR_C=1
OPN3,0.006410069223270895,1,LR_C=1
KRT18P39,0.00645551098263274,1,LR_C=1
PHLDA3,0.006706626409753825,1,LR_C=1
RPSAP3,0.0067330078651886135,1,LR_C=1
PAICSP3,0.006861754686947961,1,LR_C=1
TMEM256,0.006926504144053384,1,LR_C=1
AC017083.3,0.0070152333097553855,1,LR_C=1
UGT1A3,0.007087458322247471,1,LR_C=1
HOMER3,0.0072396912471951996,1,LR_C=1
AL109840.1,0.007251084172864246,1,LR_C=1
EEF1A1P24,0.0073093433205124745,1,LR_C=1
AC022210.1,0.007397876830163463,1,LR_C=1
AC008429.2,0.007499497786966371,1,LR_C=1
AL512844.1,0.007513402306031762,1,LR_C=1
RBMS1P1,0.00766615615067527,1,LR_C=1
GTSF1,0.007707899998025114,1,LR_C=1
UBE2D3P1,0.007919783179455428,1,LR_C=1
UBE2V1P9,0.008221462244412983,1,LR_C=1
AC129507.1,0.008523535304055259,1,LR_C=1
RPS10P27,0.008531868305562698,1,LR_C=1
CLEC4D,0.008544735293615253,1,LR_C=1
AL513523.1,0.008607298871988307,1,LR_C=1
AC009088.4,0.00882612355197248,1,LR_C=1
ZNF90P1,0.008937860003170343,1,LR_C=1
AC010168.2,0.009071426444159827,1,LR_C=1
GPR171,0.009073638760414024,1,LR_C=1
AC004899.1,0.009137077713993429,1,LR_C=1
RPL10P14,0.009138889657813514,1,LR_C=1
LILRB1-AS1,0.009146897509948161,1,LR_C=1
AKR1C7P,0.009178592851247381,1,LR_C=1
PRRT2,0.009201467057062276,1,LR_C=1
PIGF,0.009309526180685892,1,LR_C=1
NPM1P40,0.009496736293310099,1,LR_C=1
IGHV3-65,0.009736091251037712,1,LR_C=1
MPZL1,0.009924129611929653,1,LR_C=1
AF131215.4,0.009989476828377208,1,LR_C=1
CYP3A51P,0.010034711325914328,1,LR_C=1
KRT18P26,0.010117082147218804,1,LR_C=1
AL139327.1,0.010268504184793406,1,LR_C=1
PHBP20,0.01034683310901623,1,LR_C=1
RPL7P37,0.010401887993774884,1,LR_C=1
AL512504.1,0.010403202186464235,1,LR_C=1
SS18L1,0.010516256141568236,1,LR_C=1
SLC35E4,0.010534825909914938,1,LR_C=1
SUMO2P8,0.01053836755694113,1,LR_C=1
DUSP8P5,0.010662340131669883,1,LR_C=1
DDX42,0.010698982146103096,1,LR_C=1
EPHB3,0.00020216008569312886,2,LR_C=1
HAPLN1,0.0002077859037268803,2,LR_C=1
ZIC2,0.0008655155576426821,2,LR_C=1
AC004899.1,0.0017786702326716961,2,LR_C=1
VAT1L,0.0019750740974676453,2,LR_C=1
PPEF1,0.002025033654887702,2,LR_C=1
OTX1,0.0021928610899828913,2,LR_C=1
LPAR3,0.002237652249739043,2,LR_C=1
NRG2,0.0025997267054093357,2,LR_C=1
WISP2,0.0027895199328870613,2,LR_C=1
OR8K3,0.00279505432625104,2,LR_C=1
SCRG1,0.002795878607043699,2,LR_C=1
TMEM163,0.0028227941673482928,2,LR_C=1
MYLK2,0.003451486598416251,2,LR_C=1
AC136759.1,0.003962506071195958,2,LR_C=1
NUDT6,0.004130812437188933,2,LR_C=1
IGKV6D-41,0.004176927297824215,2,LR_C=1
P2RY6,0.004237190783326331,2,LR_C=1
KLF8,0.00425370267226031,2,LR_C=1
ETV2,0.004599816778930414,2,LR_C=1
TMEM151A,0.004634112904720425,2,LR_C=1
TMEM178A,0.004677403900430032,2,LR_C=1
RIMKLA,0.0047477368986609545,2,LR_C=1
PNMA8B,0.004775286637606459,2,LR_C=1
SPANXD,0.004807298468310682,2,LR_C=1
ZNF280B,0.005075979522394798,2,LR_C=1
CYP19A1,0.005367346629079431,2,LR_C=1
COL18A1-AS1,0.005414917640201931,2,LR_C=1
C1orf109,0.005455381068478397,2,LR_C=1
WBP2NL,0.005521271397640486,2,LR_C=1
SNAPC1,0.005565864427339267,2,LR_C=1
STOML1,0.005739318751235923,2,LR_C=1
KCNS1,0.005791790529215793,2,LR_C=1
CICP24,0.005979647781128262,2,LR_C=1
C8orf86,0.005980726093360388,2,LR_C=1
LINC01568,0.006011533544035087,2,LR_C=1
EIF6,0.006064796287896167,2,LR_C=1
OR5AU1,0.006133940570571551,2,LR_C=1
DCAF4L1,0.006233047722148161,2,LR_C=1
CU638689.4,0.006286409185403219,2,LR_C=1
SCN2B,0.00632371849112273,2,LR_C=1
HOXD8,0.006387513171178946,2,LR_C=1
ZNF134,0.006390796417246265,2,LR_C=1
SPEM1,0.0064867855046391015,2,LR_C=1
Mar-01,0.006548836203915336,2,LR_C=1
CDC42EP5,0.006688173508904597,2,LR_C=1
TRPV6,0.006704986016799588,2,LR_C=1
AC079776.1,0.006732589464826087,2,LR_C=1
KCNJ1,0.006773569502094389,2,LR_C=1
ZNF454,0.006877634549655826,2,LR_C=1
SMAD9,0.007200681610969288,2,LR_C=1
AC246793.1,0.007227757115185512,2,LR_C=1
SLC12A5,0.007251647928320787,2,LR_C=1
TMSB4X,0.007285264177571714,2,LR_C=1
PHLDA3,0.007296556019442243,2,LR_C=1
NFKBIA,0.007311193917680401,2,LR_C=1
OXTR,0.0075034565421289775,2,LR_C=1
NOS1,0.007605048547018263,2,LR_C=1
SPN,0.007614006619646839,2,LR_C=1
IGLV8OR8-1,0.0076245826136205315,2,LR_C=1
HIST3H2BB,0.007756301900352849,2,LR_C=1
POU6F2,0.007791604513004242,2,LR_C=1
GALNT8,0.007933636994834499,2,LR_C=1
DMBX1,0.008232333197353975,2,LR_C=1
EYA2,0.008255392744942075,2,LR_C=1
SGSM1,0.008272225273699753,2,LR_C=1
NBEAP3,0.008360885470309339,2,LR_C=1
AIPL1,0.008429845147418959,2,LR_C=1
MAP1LC3C,0.008479328290267736,2,LR_C=1
ENPP5,0.008761152061100324,2,LR_C=1
GPX6,0.008777054987757025,2,LR_C=1
OPRK1,0.008795250384075014,2,LR_C=1
SHISAL2A,0.00882904615874712,2,LR_C=1
OPRL1,0.008847263161008744,2,LR_C=1
AP002380.1,0.009008050221537377,2,LR_C=1
CAMK4,0.009014439671612714,2,LR_C=1
PADI4,0.009026406270181761,2,LR_C=1
FTH1,0.009223919574188244,2,LR_C=1
BIK,0.009257839413471226,2,LR_C=1
GABRA3,0.009280655190179125,2,LR_C=1
RPL10P1,0.0021275929774248223,3,LR_C=1
TDGF1,0.0025374581628307587,3,LR_C=1
PILRA,0.002626778852519513,3,LR_C=1
RPL22P7,0.0027762618133728,3,LR_C=1
IKZF5,0.0028237183968203602,3,LR_C=1
NPM1P9,0.0029070699709618105,3,LR_C=1
OR7D1P,0.0032740515547773448,3,LR_C=1
AC023538.1,0.0033082693670804532,3,LR_C=1
IGHV3-72,0.003666698014236809,3,LR_C=1
GNPDA2,0.004022023704760414,3,LR_C=1
TMPRSS11D,0.004050926123390039,3,LR_C=1
IL17A,0.004173989547924128,3,LR_C=1
NPM1P40,0.00427700258273264,3,LR_C=1
TMEM163,0.004291806991288446,3,LR_C=1
STEAP1B,0.004499942192736941,3,LR_C=1
GABRB1,0.004542070971651766,3,LR_C=1
IGHV3OR16-7,0.004632744083484342,3,LR_C=1
AKR1C7P,0.00472070820168482,3,LR_C=1
CCRL2,0.0048445574920242375,3,LR_C=1
TTLL10-AS1,0.0048568458988463015,3,LR_C=1
KRBOX1,0.004881103302893692,3,LR_C=1
TNFSF4,0.005218339865033611,3,LR_C=1
PTRHD1,0.005388569373235419,3,LR_C=1
PBK,0.005470913765208948,3,LR_C=1
REG1A,0.005544729754438351,3,LR_C=1
AL157791.1,0.005649639125400978,3,LR_C=1
OR8K3,0.005933331725738306,3,LR_C=1
RPS10P27,0.0061056021683903935,3,LR_C=1
MEIG1,0.006158201596570906,3,LR_C=1
LINC02474,0.006196937849702563,3,LR_C=1
AC005336.1,0.006222002605441377,3,LR_C=1
AP000708.1,0.006245257834047651,3,LR_C=1
HCRTR2,0.006305171651627963,3,LR_C=1
MIR181A2,0.006396392025483483,3,LR_C=1
IQCA1,0.006691053516474767,3,LR_C=1
RPS24P8,0.006708255037874468,3,LR_C=1
LACC1,0.00673675681251759,3,LR_C=1
AL512625.3,0.007081970619814359,3,LR_C=1
TGIF2,0.007099558014083966,3,LR_C=1
AP004245.1,0.007378906106744349,3,LR_C=1
TSPEAR,0.007411775366567695,3,LR_C=1
CUBNP3,0.007470015570729442,3,LR_C=1
ATP5MGL,0.007498941678723931,3,LR_C=1
RAB20,0.007574662795402021,3,LR_C=1
RPL37AP1,0.007628009381841405,3,LR_C=1
KDF1,0.00781991605728078,3,LR_C=1
KLHL42,0.007823271924225814,3,LR_C=1
WDR89,0.008041923491900027,3,LR_C=1
OR2AG1,0.008154252655293572,3,LR_C=1
CGGBP1,0.008155162864501735,3,LR_C=1
AC025459.1,0.00825123285301825,3,LR_C=1
AL513523.1,0.008266411547382568,3,LR_C=1
GSTA5,0.008340704647273468,3,LR_C=1
ZNF695,0.008408492372089342,3,LR_C=1
SNCA,0.00859797210221345,3,LR_C=1
RBM17P4,0.008725615379581884,3,LR_C=1
ZNF281,0.00883751372833807,3,LR_C=1
TSGA10,0.00894670148913218,3,LR_C=1
OR7E99P,0.008952794583065854,3,LR_C=1
PSMA6P2,0.009024638728868273,3,LR_C=1
RAP2A,0.00927812503016461,3,LR_C=1
EIPR1,0.00929092415431506,3,LR_C=1
IGHV3OR16-9,0.009299117921384431,3,LR_C=1
SHC3,0.009317791738814222,3,LR_C=1
AC090615.1,0.009354076291459294,3,LR_C=1
AC074276.1,0.009381165164507663,3,LR_C=1
OR10H4,0.00947505353153751,3,LR_C=1
CAP1P2,0.009583581345159619,3,LR_C=1
SLC9A7P1,0.009628326337290693,3,LR_C=1
SHISA3,0.009674962823156968,3,LR_C=1
GPX1P2,0.009719079755039916,3,LR_C=1
MAP2K7,0.009883439370706466,3,LR_C=1
BEX5,0.009958349981444852,3,LR_C=1
KRTAP3-2,0.009985041769923639,3,LR_C=1
INSIG2,0.010045713542394072,3,LR_C=1
POU6F2,0.010073990991910664,3,LR_C=1
AC110994.1,0.010096778562826635,3,LR_C=1
MRPL35P1,0.010199645785247367,3,LR_C=1
RPS27AP1,0.010222750569388758,3,LR_C=1
C20orf197,0.010249452458275693,3,LR_C=1
