experiment,model,fold,train_auc,test_auc,best_params,rfs_year,model_type
RFS 1 year - RNA-seq,LR_C=0.001,1,0.5,0.5,{},1,lr
RFS 1 year - RNA-seq,LR_C=0.001,2,0.5,0.5,{},1,lr
RFS 1 year - RNA-seq,LR_C=0.001,3,0.5,0.5,{},1,lr
RFS 1 year - RNA-seq,LR_C=0.01,1,0.5,0.5,{},1,lr
RFS 1 year - RNA-seq,LR_C=0.01,2,0.5,0.5,{},1,lr
RFS 1 year - RNA-seq,LR_C=0.01,3,0.5,0.5,{},1,lr
RFS 1 year - RNA-seq,LR_C=0.1,1,0.5,0.5,{},1,lr
RFS 1 year - RNA-seq,LR_C=0.1,2,0.5,0.5,{},1,lr
RFS 1 year - RNA-seq,LR_C=0.1,3,0.5,0.5,{},1,lr
RFS 1 year - RNA-seq,LR_C=1,1,0.9134615384615384,0.2051282051282051,{},1,lr
RFS 1 year - RNA-seq,LR_C=1,2,0.9733333333333334,0.13095238095238096,{},1,lr
RFS 1 year - RNA-seq,LR_C=1,3,0.796923076923077,0.013888888888888895,{},1,lr
RFS 1 year - RNA-seq,RF_max_depth=2_min_samples_leaf=5,1,0.9455128205128205,0.34615384615384615,{},1,rf
RFS 1 year - RNA-seq,RF_max_depth=2_min_samples_leaf=5,2,0.9666666666666668,0.23809523809523808,{},1,rf
RFS 1 year - RNA-seq,RF_max_depth=2_min_samples_leaf=5,3,0.943076923076923,0.13888888888888887,{},1,rf
RFS 1 year - RNA-seq,RF_max_depth=2_min_samples_leaf=10,1,0.8237179487179488,0.37179487179487175,{},1,rf
RFS 1 year - RNA-seq,RF_max_depth=2_min_samples_leaf=10,2,0.7899999999999999,0.45238095238095233,{},1,rf
RFS 1 year - RNA-seq,RF_max_depth=2_min_samples_leaf=10,3,0.86,0.20833333333333331,{},1,rf
RFS 1 year - RNA-seq,RF_max_depth=2_min_samples_leaf=15,1,0.5993589743589743,0.43589743589743585,{},1,rf
RFS 1 year - RNA-seq,RF_max_depth=2_min_samples_leaf=15,2,0.49,0.7321428571428572,{},1,rf
RFS 1 year - RNA-seq,RF_max_depth=2_min_samples_leaf=15,3,0.5676923076923077,0.5416666666666666,{},1,rf
RFS 1 year - RNA-seq,RF_max_depth=4_min_samples_leaf=5,1,0.9519230769230769,0.34615384615384615,{},1,rf
RFS 1 year - RNA-seq,RF_max_depth=4_min_samples_leaf=5,2,0.9766666666666667,0.22619047619047616,{},1,rf
RFS 1 year - RNA-seq,RF_max_depth=4_min_samples_leaf=5,3,0.9523076923076923,0.125,{},1,rf
RFS 1 year - RNA-seq,RF_max_depth=4_min_samples_leaf=10,1,0.8237179487179488,0.37179487179487175,{},1,rf
RFS 1 year - RNA-seq,RF_max_depth=4_min_samples_leaf=10,2,0.7899999999999999,0.45238095238095233,{},1,rf
RFS 1 year - RNA-seq,RF_max_depth=4_min_samples_leaf=10,3,0.86,0.20833333333333331,{},1,rf
RFS 1 year - RNA-seq,RF_max_depth=4_min_samples_leaf=15,1,0.5993589743589743,0.43589743589743585,{},1,rf
RFS 1 year - RNA-seq,RF_max_depth=4_min_samples_leaf=15,2,0.49,0.7321428571428572,{},1,rf
RFS 1 year - RNA-seq,RF_max_depth=4_min_samples_leaf=15,3,0.5676923076923077,0.5416666666666666,{},1,rf
RFS 2 year - RNA-seq,LR_C=0.001,1,0.5,0.5,{},2,lr
RFS 2 year - RNA-seq,LR_C=0.001,2,0.5,0.5,{},2,lr
RFS 2 year - RNA-seq,LR_C=0.001,3,0.5,0.5,{},2,lr
RFS 2 year - RNA-seq,LR_C=0.01,1,0.5,0.5,{},2,lr
RFS 2 year - RNA-seq,LR_C=0.01,2,0.5,0.5,{},2,lr
RFS 2 year - RNA-seq,LR_C=0.01,3,0.5,0.5,{},2,lr
RFS 2 year - RNA-seq,LR_C=0.1,1,0.5,0.5,{},2,lr
RFS 2 year - RNA-seq,LR_C=0.1,2,0.5,0.5,{},2,lr
RFS 2 year - RNA-seq,LR_C=0.1,3,0.5,0.5,{},2,lr
RFS 2 year - RNA-seq,LR_C=1,1,0.8703703703703703,0.41250000000000003,{},2,lr
RFS 2 year - RNA-seq,LR_C=1,2,0.9411764705882353,0.4814814814814815,{},2,lr
RFS 2 year - RNA-seq,LR_C=1,3,0.9318885448916407,0.41975308641975306,{},2,lr
RFS 2 year - RNA-seq,RF_max_depth=2_min_samples_leaf=5,1,0.9660493827160495,0.5,{},2,rf
RFS 2 year - RNA-seq,RF_max_depth=2_min_samples_leaf=5,2,0.9721362229102166,0.3950617283950617,{},2,rf
RFS 2 year - RNA-seq,RF_max_depth=2_min_samples_leaf=5,3,0.9411764705882353,0.4444444444444445,{},2,rf
RFS 2 year - RNA-seq,RF_max_depth=2_min_samples_leaf=10,1,0.8055555555555556,0.6,{},2,rf
RFS 2 year - RNA-seq,RF_max_depth=2_min_samples_leaf=10,2,0.8947368421052632,0.37037037037037035,{},2,rf
RFS 2 year - RNA-seq,RF_max_depth=2_min_samples_leaf=10,3,0.8575851393188855,0.5432098765432098,{},2,rf
RFS 2 year - RNA-seq,RF_max_depth=2_min_samples_leaf=15,1,0.5,0.5,{},2,rf
RFS 2 year - RNA-seq,RF_max_depth=2_min_samples_leaf=15,2,0.5,0.5,{},2,rf
RFS 2 year - RNA-seq,RF_max_depth=2_min_samples_leaf=15,3,0.5,0.5,{},2,rf
RFS 2 year - RNA-seq,RF_max_depth=4_min_samples_leaf=5,1,0.9722222222222223,0.5125,{},2,rf
RFS 2 year - RNA-seq,RF_max_depth=4_min_samples_leaf=5,2,0.9814241486068112,0.41975308641975306,{},2,rf
RFS 2 year - RNA-seq,RF_max_depth=4_min_samples_leaf=5,3,0.9473684210526315,0.4444444444444445,{},2,rf
RFS 2 year - RNA-seq,RF_max_depth=4_min_samples_leaf=10,1,0.8055555555555556,0.6,{},2,rf
RFS 2 year - RNA-seq,RF_max_depth=4_min_samples_leaf=10,2,0.8947368421052632,0.37037037037037035,{},2,rf
RFS 2 year - RNA-seq,RF_max_depth=4_min_samples_leaf=10,3,0.8575851393188855,0.5432098765432098,{},2,rf
RFS 2 year - RNA-seq,RF_max_depth=4_min_samples_leaf=15,1,0.5,0.5,{},2,rf
RFS 2 year - RNA-seq,RF_max_depth=4_min_samples_leaf=15,2,0.5,0.5,{},2,rf
RFS 2 year - RNA-seq,RF_max_depth=4_min_samples_leaf=15,3,0.5,0.5,{},2,rf
